Image,Area,Length,Width
0001.jpg,1414.25,44.887753295898435,33.67796936035156
0002.jpg,1331.95,45.1,33.6
0003.jpg,1144.86,45.366921997070314,32.09092407226562
0004.jpg,1113.405,46.099176025390626,31.84449462890625
0005.jpg,1465.84,45.564694213867185,33.164224243164064
0006.jpg,1364.525,44.104217529296875,33.77569580078125
0007.jpg,1423.835,45.1,33.6
0008.jpg,1126.44,47.3875244140625,30.888189697265624
0009.jpg,1125.0,45.55149841308594,32.351541137695314
0010.jpg,1337.655,43.93997802734375,33.287109375
0011.jpg,1399.47,45.1,33.6
0012.jpg,1351.34,44.83828430175781,33.513946533203125
0013.jpg,1330.23,43.554046630859375,32.57071228027344
0014.jpg,1369.2,44.86873779296875,33.71383056640625
0015.jpg,1123.39,45.96007080078125,32.476950073242186
0016.jpg,1225.16,45.1,33.6
0017.jpg,1196.545,45.10513610839844,33.347634887695314
0018.jpg,1465.84,45.564694213867185,33.164224243164064
0019.jpg,1212.695,44.63754577636719,33.66549377441406
0020.jpg,1362.775,45.1,33.6
0021.jpg,1089.71,45.29640502929688,32.48497314453125
0022.jpg,764.685,45.0,33.5
0023.jpg,1424.05,45.1,33.6
0024.jpg,1219.685,43.76895446777344,32.84597473144531
0025.jpg,1110.3,44.542120361328124,30.662380981445313
0026.jpg,1147.98,46.314248657226564,32.59062805175781
0027.jpg,764.685,45.0,33.5
0028.jpg,1348.79,44.94164123535156,32.86355895996094
0029.jpg,1503.415,45.1,33.6
0030.jpg,1494.67,45.1,33.6
0031.jpg,1109.08,47.81401062011719,28.533627319335938
0032.jpg,1513.96,45.1,33.6
0033.jpg,1447.25,45.75828857421875,32.260031127929686
0034.jpg,1423.555,45.36455383300781,33.185247802734374
0035.jpg,1346.105,45.0,33.6
0036.jpg,1081.64,45.79745178222656,32.84972229003906
0037.jpg,1510.275,45.09999389648438,33.59999389648438
0038.jpg,1107.6,45.1,33.6
0039.jpg,1491.78,45.1,33.6
0040.jpg,1047.825,45.14849853515625,33.451422119140624
0041.jpg,1245.815,44.94992370605469,32.5363525390625
0042.jpg,1020.965,40.578164672851564,36.30616149902344
0043.jpg,1107.6,45.1,33.6
0044.jpg,1058.13,46.39757080078125,30.9652587890625
0045.jpg,1048.565,45.09999389648438,33.499993896484376
0046.jpg,1222.37,48.19844970703125,30.443951416015626
0047.jpg,1373.935,44.9175048828125,33.68655090332031
0048.jpg,950.805,38.818887329101564,34.166754150390624
0049.jpg,1465.84,45.564694213867185,33.164224243164064
0050.jpg,1478.595,45.09999389648438,33.59999389648438
0051.jpg,1317.245,45.1,33.6
0052.jpg,1155.72,42.145318603515626,32.44932250976562
0053.jpg,1120.84,45.365579223632814,32.251470947265624
0054.jpg,1337.655,43.93997802734375,33.287109375
0055.jpg,1423.835,45.1,33.6
0056.jpg,1268.97,45.09999389648438,33.59999389648438
0057.jpg,1453.44,45.1,33.6
0058.jpg,1491.78,45.1,33.6
0059.jpg,1476.71,45.12467651367187,33.30751342773438
0060.jpg,1321.19,45.02644348144531,33.03309326171875
0061.jpg,1219.685,43.76895446777344,32.84597473144531
0062.jpg,1448.46,44.921932983398435,33.07026062011719
0063.jpg,1222.37,48.19844970703125,30.443951416015626
0064.jpg,1222.37,48.19844970703125,30.443951416015626
0065.jpg,1148.055,45.366921997070314,32.09092407226562
0066.jpg,1415.295,45.1,33.6
0067.jpg,1483.14,45.142599487304686,33.47227172851562
0068.jpg,1037.745,45.14805603027344,33.4537353515625
0069.jpg,1212.96,44.8865478515625,32.360067749023436
0070.jpg,1212.96,44.8865478515625,32.360067749023436
0071.jpg,1331.95,45.1,33.6
0072.jpg,1361.97,45.1,33.6
0073.jpg,1148.055,45.366921997070314,32.09092407226562
0074.jpg,1498.825,45.1,33.6
0075.jpg,1481.915,45.141180419921874,33.333074951171874
0076.jpg,1427.755,45.1,33.6
0077.jpg,1439.63,45.548406982421874,32.95564270019531
0078.jpg,1089.71,45.29640502929688,32.48497314453125
0079.jpg,1252.52,45.1,33.6
0080.jpg,1423.835,45.1,33.6
0081.jpg,1325.385,45.12427978515625,33.05319519042969
0082.jpg,1120.84,45.365579223632814,32.251470947265624
0083.jpg,1373.935,44.9175048828125,33.68655090332031
0084.jpg,950.805,38.818887329101564,34.166754150390624
0085.jpg,1513.96,45.1,33.6
0086.jpg,1423.835,45.1,33.6
0087.jpg,1071.395,44.169873046875,32.47108764648438
0088.jpg,1003.6,45.1,33.6
0089.jpg,1107.6,45.1,33.6
0090.jpg,1361.97,45.1,33.6
0091.jpg,764.685,45.0,33.5
0092.jpg,765.35,45.0,33.6
0093.jpg,1337.655,43.93997802734375,33.287109375
0094.jpg,1125.0,45.55149841308594,32.351541137695314
0095.jpg,1498.835,45.1,33.6
0096.jpg,1439.63,45.548406982421874,32.95564270019531
0097.jpg,1241.225,45.1,33.6
0098.jpg,1047.825,45.14849853515625,33.451422119140624
0099.jpg,949.175,38.365692138671875,37.52339477539063
0100.jpg,1510.275,45.09999389648438,33.59999389648438
0101.jpg,1483.14,45.142599487304686,33.47227172851562
0102.jpg,1270.255,45.1,33.6
0103.jpg,1361.97,45.1,33.6
0104.jpg,1104.94,45.1,33.5
0105.jpg,1446.885,45.1689453125,32.86790771484375
0106.jpg,1369.2,44.86873779296875,33.71383056640625
0107.jpg,1219.685,43.76895446777344,32.84597473144531
0108.jpg,1423.835,45.1,33.6
0109.jpg,1514.355,45.1,33.6
0110.jpg,1081.64,45.79745178222656,32.84972229003906
0111.jpg,1387.385,45.10704650878906,33.5020751953125
0112.jpg,1083.19,44.972283935546876,33.48128051757813
0113.jpg,1444.33,45.110354614257815,33.573544311523435
0114.jpg,1493.41,45.1,33.6
0115.jpg,1473.825,44.73289184570312,33.29405517578125
0116.jpg,1025.05,43.53223571777344,33.15076904296875
0117.jpg,1268.97,45.09999389648438,33.59999389648438
0118.jpg,1423.77,45.1,33.6
0119.jpg,1472.62,45.04143371582031,33.32328491210937
0120.jpg,1047.825,45.14849853515625,33.451422119140624
0121.jpg,1206.565,45.1,33.6
0122.jpg,985.755,45.049462890625,33.60885009765625
0123.jpg,1498.835,45.1,33.6
0124.jpg,1321.19,45.02644348144531,33.03309326171875
0125.jpg,950.805,38.818887329101564,34.166754150390624
0126.jpg,1340.645,45.1,33.6
0127.jpg,1423.835,45.1,33.6
0128.jpg,1110.3,44.542120361328124,30.662380981445313
0129.jpg,1258.715,46.35292053222656,32.250067138671874
0130.jpg,1317.245,45.1,33.6
0131.jpg,1199.43,44.48113098144531,33.724884033203125
0132.jpg,1337.655,43.93997802734375,33.287109375
0133.jpg,1148.055,45.366921997070314,32.09092407226562
0134.jpg,1206.94,44.88931579589844,32.17527770996094
0135.jpg,1346.105,45.0,33.6
0136.jpg,1362.775,45.1,33.6
0137.jpg,1144.86,45.366921997070314,32.09092407226562
0138.jpg,1212.695,44.63754577636719,33.66549377441406
0139.jpg,1081.64,45.79745178222656,32.84972229003906
0140.jpg,1500.715,45.15587463378906,33.491259765625
0141.jpg,1348.79,44.94164123535156,32.86355895996094
0142.jpg,1185.705,45.002593994140625,33.32725219726562
0143.jpg,1364.525,44.104217529296875,33.77569580078125
0144.jpg,1126.645,40.32515869140625,34.93708801269531
0145.jpg,1514.355,45.1,33.6
0146.jpg,1501.17,44.975668334960936,33.4672607421875
0147.jpg,1222.37,48.19844970703125,30.443951416015626
0148.jpg,1391.61,45.1,33.6
0149.jpg,1427.755,45.1,33.6
0150.jpg,1125.0,45.55149841308594,32.351541137695314
0151.jpg,1346.105,45.0,33.6
0152.jpg,1269.105,45.02328796386719,33.62814025878906
0153.jpg,1107.6,45.1,33.6
0154.jpg,1346.105,45.0,33.6
0155.jpg,1465.84,45.564694213867185,33.164224243164064
0156.jpg,1476.71,45.12467651367187,33.30751342773438
0157.jpg,1362.775,45.1,33.6
0158.jpg,1364.525,44.104217529296875,33.77569580078125
0159.jpg,1399.47,45.1,33.6
0160.jpg,1199.43,44.48113098144531,33.724884033203125
0161.jpg,985.755,45.049462890625,33.60885009765625
0162.jpg,1493.41,45.1,33.6
0163.jpg,1155.72,42.145318603515626,32.44932250976562
0164.jpg,1399.47,45.1,33.6
0165.jpg,1115.085,45.15408020019531,33.315185546875
0166.jpg,1455.335,45.1,33.6
0167.jpg,1362.775,45.1,33.6
0168.jpg,1364.525,44.104217529296875,33.77569580078125
0169.jpg,765.35,45.0,33.6
0170.jpg,1424.05,45.1,33.6
0171.jpg,1087.48,43.618020629882814,33.32636413574219
0172.jpg,1219.685,43.76895446777344,32.84597473144531
0173.jpg,1115.085,45.15408020019531,33.315185546875
0174.jpg,1503.415,45.1,33.6
0175.jpg,1269.105,45.02328796386719,33.62814025878906
0176.jpg,1148.055,45.366921997070314,32.09092407226562
0177.jpg,1241.79,48.94479675292969,29.054135131835938
0178.jpg,1087.48,43.618020629882814,33.32636413574219
0179.jpg,1081.64,45.79745178222656,32.84972229003906
0180.jpg,1100.045,47.70193176269531,30.54241943359375
0181.jpg,1514.995,45.1,33.6
0182.jpg,1147.98,46.314248657226564,32.59062805175781
0183.jpg,1196.545,45.10513610839844,33.347634887695314
0184.jpg,1081.64,45.79745178222656,32.84972229003906
0185.jpg,1196.545,45.10513610839844,33.347634887695314
0186.jpg,1120.84,45.365579223632814,32.251470947265624
0187.jpg,1100.045,47.70193176269531,30.54241943359375
0188.jpg,1200.44,42.03721923828125,33.918765258789065
0189.jpg,1081.64,45.79745178222656,32.84972229003906
0190.jpg,1196.545,45.10513610839844,33.347634887695314
0191.jpg,1241.225,45.1,33.6
0192.jpg,1423.77,45.1,33.6
0193.jpg,1317.245,45.1,33.6
0194.jpg,1089.71,45.29640502929688,32.48497314453125
0195.jpg,950.805,38.818887329101564,34.166754150390624
0196.jpg,1258.715,46.35292053222656,32.250067138671874
0197.jpg,1046.54,45.099920654296874,33.38260192871094
0198.jpg,1485.93,45.09999389648438,33.59999389648438
0199.jpg,1362.775,45.1,33.6
0200.jpg,1483.14,45.142599487304686,33.47227172851562
0201.jpg,1423.835,45.1,33.6
0202.jpg,1107.6,45.1,33.6
0203.jpg,1335.13,45.0068359375,33.598794555664064
0204.jpg,1351.225,45.306094360351565,31.94287109375
0205.jpg,1219.685,43.76895446777344,32.84597473144531
0206.jpg,1107.6,45.1,33.6
0207.jpg,1104.94,45.1,33.5
0208.jpg,1510.275,45.09999389648438,33.59999389648438
0209.jpg,1411.785,45.18921813964844,33.21969909667969
0210.jpg,1501.17,44.975668334960936,33.4672607421875
0211.jpg,1354.13,45.09999389648438,33.59999389648438
0212.jpg,1238.785,44.975216674804685,32.309765625
0213.jpg,1270.255,45.1,33.6
0214.jpg,949.175,38.365692138671875,37.52339477539063
0215.jpg,1155.72,42.145318603515626,32.44932250976562
0216.jpg,1391.61,45.1,33.6
0217.jpg,1199.43,44.48113098144531,33.724884033203125
0218.jpg,1054.12,45.1,33.6
0219.jpg,1222.37,48.19844970703125,30.443951416015626
0220.jpg,1325.385,45.12427978515625,33.05319519042969
0221.jpg,1414.25,44.887753295898435,33.67796936035156
0222.jpg,1200.44,42.03721923828125,33.918765258789065
0223.jpg,1424.05,45.1,33.6
0224.jpg,1140.925,45.7948486328125,32.402139282226564
0225.jpg,1325.385,45.12427978515625,33.05319519042969
0226.jpg,1352.81,44.22255249023438,32.844363403320315
0227.jpg,1496.49,45.05134582519531,33.362030029296875
0228.jpg,1321.19,45.02644348144531,33.03309326171875
0229.jpg,1321.19,45.02644348144531,33.03309326171875
0230.jpg,1222.37,48.19844970703125,30.443951416015626
0231.jpg,1498.825,45.1,33.6
0232.jpg,1332.15,45.1,33.6
0233.jpg,1409.965,44.900961303710936,33.63197021484375
0234.jpg,1126.44,47.3875244140625,30.888189697265624
0235.jpg,1335.13,45.0068359375,33.598794555664064
0236.jpg,1448.915,45.1,33.6
0237.jpg,1331.95,45.1,33.6
0238.jpg,1047.22,45.10214538574219,33.398828125
0239.jpg,991.675,45.083187866210935,33.6046875
0240.jpg,1089.71,45.29640502929688,32.48497314453125
0241.jpg,1317.245,45.1,33.6
0242.jpg,1317.245,45.1,33.6
0243.jpg,1148.055,45.366921997070314,32.09092407226562
0244.jpg,1494.67,45.1,33.6
0245.jpg,1110.3,44.542120361328124,30.662380981445313
0246.jpg,1212.695,44.63754577636719,33.66549377441406
0247.jpg,1321.19,45.02644348144531,33.03309326171875
0248.jpg,1149.32,45.1,33.6
0249.jpg,1458.745,45.569140625,32.79125061035156
0250.jpg,1100.045,47.70193176269531,30.54241943359375
0251.jpg,1169.38,44.712771606445315,33.428323364257814
0252.jpg,1472.23,45.169735717773435,33.2311279296875
0253.jpg,1050.33,46.465084838867185,30.307742309570312
0254.jpg,1107.6,45.1,33.6
0255.jpg,1238.785,44.975216674804685,32.309765625
0256.jpg,1332.15,45.1,33.6
0257.jpg,1199.43,44.48113098144531,33.724884033203125
0258.jpg,764.685,45.0,33.5
0259.jpg,1498.825,45.1,33.6
0260.jpg,1500.715,45.15587463378906,33.491259765625
0261.jpg,1149.32,45.1,33.6
0262.jpg,1210.925,44.78470153808594,33.69809265136719
0263.jpg,1089.71,45.29640502929688,32.48497314453125
0264.jpg,1231.425,45.1,33.6
0265.jpg,1465.84,45.564694213867185,33.164224243164064
0266.jpg,1346.105,45.0,33.6
0267.jpg,1196.545,45.10513610839844,33.347634887695314
0268.jpg,1199.43,44.48113098144531,33.724884033203125
0269.jpg,1219.685,43.76895446777344,32.84597473144531
0270.jpg,1144.86,45.366921997070314,32.09092407226562
0271.jpg,1414.25,44.887753295898435,33.67796936035156
0272.jpg,1144.86,45.366921997070314,32.09092407226562
0273.jpg,1054.12,45.1,33.6
0274.jpg,1464.51,44.96004028320313,32.807470703125
0275.jpg,1489.4,45.242645263671875,33.125054931640626
0276.jpg,1025.05,43.53223571777344,33.15076904296875
0277.jpg,1325.385,45.12427978515625,33.05319519042969
0278.jpg,1423.835,45.1,33.6
0279.jpg,1414.25,44.887753295898435,33.67796936035156
0280.jpg,1483.14,45.142599487304686,33.47227172851562
0281.jpg,1155.72,42.145318603515626,32.44932250976562
0282.jpg,1126.44,47.3875244140625,30.888189697265624
0283.jpg,1387.385,45.10704650878906,33.5020751953125
0284.jpg,1071.395,44.169873046875,32.47108764648438
0285.jpg,1050.33,46.465084838867185,30.307742309570312
0286.jpg,1369.2,44.86873779296875,33.71383056640625
0287.jpg,1498.415,45.19345703125,33.415652465820315
0288.jpg,1048.565,45.09999389648438,33.499993896484376
0289.jpg,1399.47,45.1,33.6
0290.jpg,1120.84,45.365579223632814,32.251470947265624
0291.jpg,1083.19,44.972283935546876,33.48128051757813
0292.jpg,1120.84,45.365579223632814,32.251470947265624
0293.jpg,1335.13,45.0068359375,33.598794555664064
0294.jpg,1362.775,45.1,33.6
0295.jpg,1424.05,45.1,33.6
0296.jpg,1144.86,45.366921997070314,32.09092407226562
0297.jpg,1155.72,42.145318603515626,32.44932250976562
0298.jpg,1317.245,45.1,33.6
0299.jpg,1107.6,45.1,33.6
0300.jpg,1054.12,45.1,33.6
0301.jpg,1147.98,46.314248657226564,32.59062805175781
0302.jpg,1503.415,45.1,33.6
0303.jpg,950.805,38.818887329101564,34.166754150390624
0304.jpg,1354.13,45.09999389648438,33.59999389648438
0305.jpg,1110.3,44.542120361328124,30.662380981445313
0306.jpg,1219.685,43.76895446777344,32.84597473144531
0307.jpg,1337.655,43.93997802734375,33.287109375
0308.jpg,1148.055,45.366921997070314,32.09092407226562
0309.jpg,1351.34,44.83828430175781,33.513946533203125
0310.jpg,1433.88,45.1,33.6
0311.jpg,1113.405,46.099176025390626,31.84449462890625
0312.jpg,1087.48,43.618020629882814,33.32636413574219
0313.jpg,1219.685,43.76895446777344,32.84597473144531
0314.jpg,1219.685,43.76895446777344,32.84597473144531
0315.jpg,1389.06,45.026736450195315,33.385678100585935
0316.jpg,1433.88,45.1,33.6
0317.jpg,1107.6,45.1,33.6
0318.jpg,933.12,41.56809692382812,33.84798583984375
0319.jpg,933.12,41.56809692382812,33.84798583984375
0320.jpg,1448.46,44.921932983398435,33.07026062011719
0321.jpg,1455.335,45.1,33.6
0322.jpg,1409.965,44.900961303710936,33.63197021484375
0323.jpg,765.35,45.0,33.6
0324.jpg,1238.785,44.975216674804685,32.309765625
0325.jpg,1472.62,45.04143371582031,33.32328491210937
0326.jpg,1424.05,45.1,33.6
0327.jpg,1155.72,42.145318603515626,32.44932250976562
0328.jpg,1332.15,45.1,33.6
0329.jpg,1241.225,45.1,33.6
0330.jpg,1364.525,44.104217529296875,33.77569580078125
0331.jpg,1003.6,45.1,33.6
0332.jpg,1423.555,45.36455383300781,33.185247802734374
0333.jpg,1369.2,44.86873779296875,33.71383056640625
0334.jpg,1489.4,45.242645263671875,33.125054931640626
0335.jpg,1514.995,45.1,33.6
0336.jpg,1155.72,42.145318603515626,32.44932250976562
0337.jpg,986.52,45.42453308105469,31.721856689453126
0338.jpg,1110.3,44.542120361328124,30.662380981445313
0339.jpg,764.685,45.0,33.5
0340.jpg,1448.915,45.1,33.6
0341.jpg,1083.19,44.972283935546876,33.48128051757813
0342.jpg,1458.745,45.569140625,32.79125061035156
0343.jpg,765.35,45.0,33.6
0344.jpg,1109.08,47.81401062011719,28.533627319335938
0345.jpg,1481.915,45.141180419921874,33.333074951171874
0346.jpg,1362.775,45.1,33.6
0347.jpg,1460.22,45.1,33.6
0348.jpg,1110.3,44.542120361328124,30.662380981445313
0349.jpg,1225.16,45.1,33.6
0350.jpg,1472.23,45.169735717773435,33.2311279296875
0351.jpg,1241.225,45.1,33.6
0352.jpg,1489.16,45.12095336914062,33.510885620117186
0353.jpg,1110.3,44.542120361328124,30.662380981445313
0354.jpg,1258.715,46.35292053222656,32.250067138671874
0355.jpg,1493.41,45.1,33.6
0356.jpg,1325.385,45.12427978515625,33.05319519042969
0357.jpg,1433.88,45.1,33.6
0358.jpg,1485.145,45.1,33.6
0359.jpg,950.805,38.818887329101564,34.166754150390624
0360.jpg,1110.3,44.542120361328124,30.662380981445313
0361.jpg,1494.67,45.1,33.6
0362.jpg,1321.19,45.02644348144531,33.03309326171875
0363.jpg,1514.995,45.1,33.6
0364.jpg,1126.44,47.3875244140625,30.888189697265624
0365.jpg,1414.25,44.887753295898435,33.67796936035156
0366.jpg,1148.055,45.366921997070314,32.09092407226562
0367.jpg,1399.47,45.1,33.6
0368.jpg,1155.72,42.145318603515626,32.44932250976562
0369.jpg,1362.775,45.1,33.6
0370.jpg,1219.685,43.76895446777344,32.84597473144531
0371.jpg,1409.965,44.900961303710936,33.63197021484375
0372.jpg,1047.825,45.14849853515625,33.451422119140624
0373.jpg,1126.44,47.3875244140625,30.888189697265624
0374.jpg,1362.775,45.1,33.6
0375.jpg,1147.98,46.314248657226564,32.59062805175781
0376.jpg,1447.25,45.75828857421875,32.260031127929686
0377.jpg,1148.055,45.366921997070314,32.09092407226562
0378.jpg,1199.43,44.48113098144531,33.724884033203125
0379.jpg,1424.05,45.1,33.6
0380.jpg,1245.815,44.94992370605469,32.5363525390625
0381.jpg,1498.415,45.19345703125,33.415652465820315
0382.jpg,1397.135,45.09999389648438,33.59999389648438
0383.jpg,985.755,45.049462890625,33.60885009765625
0384.jpg,991.675,45.083187866210935,33.6046875
0385.jpg,1196.545,45.10513610839844,33.347634887695314
0386.jpg,1335.13,45.0068359375,33.598794555664064
0387.jpg,1089.71,45.29640502929688,32.48497314453125
0388.jpg,933.12,41.56809692382812,33.84798583984375
0389.jpg,1125.0,45.55149841308594,32.351541137695314
0390.jpg,949.175,38.365692138671875,37.52339477539063
0391.jpg,1087.48,43.618020629882814,33.32636413574219
0392.jpg,1397.135,45.09999389648438,33.59999389648438
0393.jpg,1048.565,45.09999389648438,33.499993896484376
0394.jpg,1206.94,44.88931579589844,32.17527770996094
0395.jpg,1212.695,44.63754577636719,33.66549377441406
0396.jpg,1480.92,45.09999389648438,33.59999389648438
0397.jpg,1071.395,44.169873046875,32.47108764648438
0398.jpg,1245.815,44.94992370605469,32.5363525390625
0399.jpg,986.52,45.42453308105469,31.721856689453126
0400.jpg,1047.825,45.14849853515625,33.451422119140624
0401.jpg,1498.835,45.1,33.6
0402.jpg,1414.25,44.887753295898435,33.67796936035156
0403.jpg,1464.03,45.1,33.6
0404.jpg,1126.44,47.3875244140625,30.888189697265624
0405.jpg,1337.655,43.93997802734375,33.287109375
0406.jpg,1054.12,45.1,33.6
0407.jpg,1054.12,45.1,33.6
0408.jpg,1212.96,44.8865478515625,32.360067749023436
0409.jpg,765.35,45.0,33.6
0410.jpg,1155.72,42.145318603515626,32.44932250976562
0411.jpg,1054.12,45.1,33.6
0412.jpg,1155.72,42.145318603515626,32.44932250976562
0413.jpg,1369.575,45.1,33.6
0414.jpg,1433.88,45.1,33.6
0415.jpg,1364.525,44.104217529296875,33.77569580078125
0416.jpg,1048.565,45.09999389648438,33.499993896484376
0417.jpg,1048.565,45.09999389648438,33.499993896484376
0418.jpg,1212.695,44.63754577636719,33.66549377441406
0419.jpg,1089.71,45.29640502929688,32.48497314453125
0420.jpg,1317.245,45.1,33.6
0421.jpg,1362.775,45.1,33.6
0422.jpg,1325.385,45.12427978515625,33.05319519042969
0423.jpg,1364.525,44.104217529296875,33.77569580078125
0424.jpg,1363.265,45.09999389648438,33.59999389648438
0425.jpg,1109.08,47.81401062011719,28.533627319335938
0426.jpg,1514.355,45.1,33.6
0427.jpg,1362.775,45.1,33.6
0428.jpg,985.755,45.049462890625,33.60885009765625
0429.jpg,1446.06,45.1,33.6
0430.jpg,1048.565,45.09999389648438,33.499993896484376
0431.jpg,1335.13,45.0068359375,33.598794555664064
0432.jpg,764.685,45.0,33.5
0433.jpg,866.255,52.05294189453125,28.29411926269531
0434.jpg,1325.385,45.12427978515625,33.05319519042969
0435.jpg,1472.23,45.169735717773435,33.2311279296875
0436.jpg,1453.44,45.1,33.6
0437.jpg,1397.135,45.09999389648438,33.59999389648438
0438.jpg,1427.755,45.1,33.6
0439.jpg,1140.925,45.7948486328125,32.402139282226564
0440.jpg,1448.915,45.1,33.6
0441.jpg,985.755,45.049462890625,33.60885009765625
0442.jpg,1148.055,45.366921997070314,32.09092407226562
0443.jpg,1206.565,45.1,33.6
0444.jpg,1212.695,44.63754577636719,33.66549377441406
0445.jpg,1189.32,43.212060546875,33.7568359375
0446.jpg,1332.15,45.1,33.6
0447.jpg,1464.03,45.1,33.6
0448.jpg,1269.105,45.02328796386719,33.62814025878906
0449.jpg,1144.86,45.366921997070314,32.09092407226562
0450.jpg,1212.695,44.63754577636719,33.66549377441406
0451.jpg,1461.87,45.55706787109375,32.61063842773437
0452.jpg,1448.46,44.921932983398435,33.07026062011719
0453.jpg,1483.14,45.142599487304686,33.47227172851562
0454.jpg,1478.595,45.09999389648438,33.59999389648438
0455.jpg,1037.745,45.14805603027344,33.4537353515625
0456.jpg,1513.96,45.1,33.6
0457.jpg,1369.2,44.86873779296875,33.71383056640625
0458.jpg,1423.555,45.36455383300781,33.185247802734374
0459.jpg,1208.515,45.183282470703126,33.345883178710935
0460.jpg,1465.84,45.564694213867185,33.164224243164064
0461.jpg,1476.71,45.12467651367187,33.30751342773438
0462.jpg,1100.045,47.70193176269531,30.54241943359375
0463.jpg,1472.23,45.169735717773435,33.2311279296875
0464.jpg,1148.055,45.366921997070314,32.09092407226562
0465.jpg,1332.15,45.1,33.6
0466.jpg,1123.39,45.96007080078125,32.476950073242186
0467.jpg,1320.77,43.556314086914064,32.28129577636719
0468.jpg,1083.19,44.972283935546876,33.48128051757813
0469.jpg,1424.05,45.1,33.6
0470.jpg,1465.84,45.564694213867185,33.164224243164064
0471.jpg,1448.46,44.921932983398435,33.07026062011719
0472.jpg,1047.825,45.14849853515625,33.451422119140624
0473.jpg,1147.98,46.314248657226564,32.59062805175781
0474.jpg,1498.835,45.1,33.6
0475.jpg,1485.145,45.1,33.6
0476.jpg,986.52,45.42453308105469,31.721856689453126
0477.jpg,1081.64,45.79745178222656,32.84972229003906
0478.jpg,1321.19,45.02644348144531,33.03309326171875
0479.jpg,1169.38,44.712771606445315,33.428323364257814
0480.jpg,1089.71,45.29640502929688,32.48497314453125
0481.jpg,1414.25,44.887753295898435,33.67796936035156
0482.jpg,1439.63,45.548406982421874,32.95564270019531
0483.jpg,1335.13,45.0068359375,33.598794555664064
0484.jpg,950.805,38.818887329101564,34.166754150390624
0485.jpg,1331.95,45.1,33.6
0486.jpg,1514.355,45.1,33.6
0487.jpg,1423.835,45.1,33.6
0488.jpg,1196.545,45.10513610839844,33.347634887695314
0489.jpg,1219.685,43.76895446777344,32.84597473144531
0490.jpg,1148.055,45.366921997070314,32.09092407226562
0491.jpg,1362.775,45.1,33.6
0492.jpg,1185.705,45.002593994140625,33.32725219726562
0493.jpg,1241.79,48.94479675292969,29.054135131835938
0494.jpg,1120.84,45.365579223632814,32.251470947265624
0495.jpg,1258.715,46.35292053222656,32.250067138671874
0496.jpg,1231.775,46.34852600097656,32.44362182617188
0497.jpg,1144.86,45.366921997070314,32.09092407226562
0498.jpg,1219.685,43.76895446777344,32.84597473144531
0499.jpg,1446.06,45.1,33.6
0500.jpg,968.62,49.23978881835937,30.050308227539062
0501.jpg,949.175,38.365692138671875,37.52339477539063
0502.jpg,1364.525,44.104217529296875,33.77569580078125
0503.jpg,982.715,45.11336669921875,33.49230041503906
0504.jpg,765.35,45.0,33.6
0505.jpg,1453.44,45.1,33.6
0506.jpg,985.755,45.049462890625,33.60885009765625
0507.jpg,1485.93,45.09999389648438,33.59999389648438
0508.jpg,1096.205,45.1,33.6
0509.jpg,1241.79,48.94479675292969,29.054135131835938
0510.jpg,1241.79,48.94479675292969,29.054135131835938
0511.jpg,1047.825,45.14849853515625,33.451422119140624
0512.jpg,1120.84,45.365579223632814,32.251470947265624
0513.jpg,1369.2,44.86873779296875,33.71383056640625
0514.jpg,1362.775,45.1,33.6
0515.jpg,1147.98,46.314248657226564,32.59062805175781
0516.jpg,1414.25,44.887753295898435,33.67796936035156
0517.jpg,1472.62,45.04143371582031,33.32328491210937
0518.jpg,985.755,45.049462890625,33.60885009765625
0519.jpg,1199.43,44.48113098144531,33.724884033203125
0520.jpg,790.11,40.80604858398438,35.514764404296876
0521.jpg,1487.73,45.09999389648438,33.59999389648438
0522.jpg,1348.79,44.94164123535156,32.86355895996094
0523.jpg,1453.65,45.1,33.6
0524.jpg,1340.645,45.1,33.6
0525.jpg,1461.87,45.55706787109375,32.61063842773437
0526.jpg,1071.395,44.169873046875,32.47108764648438
0527.jpg,1320.77,43.556314086914064,32.28129577636719
0528.jpg,764.685,45.0,33.5
0529.jpg,1504.78,45.09999389648438,33.59999389648438
0530.jpg,1058.13,46.39757080078125,30.9652587890625
0531.jpg,1414.25,44.887753295898435,33.67796936035156
0532.jpg,1460.27,45.1,33.6
0533.jpg,1268.97,45.09999389648438,33.59999389648438
0534.jpg,1325.385,45.12427978515625,33.05319519042969
0535.jpg,1222.37,48.19844970703125,30.443951416015626
0536.jpg,1196.545,45.10513610839844,33.347634887695314
0537.jpg,1498.825,45.1,33.6
0538.jpg,1089.71,45.29640502929688,32.48497314453125
0539.jpg,1513.96,45.1,33.6
0540.jpg,1489.16,45.12095336914062,33.510885620117186
0541.jpg,1219.685,43.76895446777344,32.84597473144531
0542.jpg,1346.105,45.0,33.6
0543.jpg,1335.13,45.0068359375,33.598794555664064
0544.jpg,1325.385,45.12427978515625,33.05319519042969
0545.jpg,1331.95,45.1,33.6
0546.jpg,1472.23,45.169735717773435,33.2311279296875
0547.jpg,1206.565,45.1,33.6
0548.jpg,1346.105,45.0,33.6
0549.jpg,1126.44,47.3875244140625,30.888189697265624
0550.jpg,1317.245,45.1,33.6
0551.jpg,1363.24,45.1,33.6
0552.jpg,1054.12,45.1,33.6
0553.jpg,1206.565,45.1,33.6
0554.jpg,1465.84,45.564694213867185,33.164224243164064
0555.jpg,1373.935,44.9175048828125,33.68655090332031
0556.jpg,1361.97,45.1,33.6
0557.jpg,1448.915,45.1,33.6
0558.jpg,1510.275,45.09999389648438,33.59999389648438
0559.jpg,1054.12,45.1,33.6
0560.jpg,1325.385,45.12427978515625,33.05319519042969
0561.jpg,1472.23,45.169735717773435,33.2311279296875
0562.jpg,1498.415,45.19345703125,33.415652465820315
0563.jpg,1270.255,45.1,33.6
0564.jpg,1123.39,45.96007080078125,32.476950073242186
0565.jpg,1498.825,45.1,33.6
0566.jpg,1473.825,44.73289184570312,33.29405517578125
0567.jpg,1140.925,45.7948486328125,32.402139282226564
0568.jpg,1411.785,45.18921813964844,33.21969909667969
0569.jpg,1241.225,45.1,33.6
0570.jpg,1100.045,47.70193176269531,30.54241943359375
0571.jpg,1331.95,45.1,33.6
0572.jpg,950.805,38.818887329101564,34.166754150390624
0573.jpg,1498.825,45.1,33.6
0574.jpg,1496.49,45.05134582519531,33.362030029296875
0575.jpg,1409.965,44.900961303710936,33.63197021484375
0576.jpg,1109.08,47.81401062011719,28.533627319335938
0577.jpg,1113.405,46.099176025390626,31.84449462890625
0578.jpg,1317.245,45.1,33.6
0579.jpg,1514.995,45.1,33.6
0580.jpg,1461.87,45.55706787109375,32.61063842773437
0581.jpg,1320.77,43.556314086914064,32.28129577636719
0582.jpg,1399.47,45.1,33.6
0583.jpg,1047.825,45.14849853515625,33.451422119140624
0584.jpg,1144.86,45.366921997070314,32.09092407226562
0585.jpg,1335.13,45.0068359375,33.598794555664064
0586.jpg,1222.37,48.19844970703125,30.443951416015626
0587.jpg,1050.33,46.465084838867185,30.307742309570312
0588.jpg,1498.415,45.19345703125,33.415652465820315
0589.jpg,1268.97,45.09999389648438,33.59999389648438
0590.jpg,1493.41,45.1,33.6
0591.jpg,1020.075,45.1,33.6
0592.jpg,1369.575,45.1,33.6
0593.jpg,1409.965,44.900961303710936,33.63197021484375
0594.jpg,1037.745,45.14805603027344,33.4537353515625
0595.jpg,949.175,38.365692138671875,37.52339477539063
0596.jpg,1335.13,45.0068359375,33.598794555664064
0597.jpg,1231.425,45.1,33.6
0598.jpg,1241.79,48.94479675292969,29.054135131835938
0599.jpg,1424.05,45.1,33.6
0600.jpg,1109.08,47.81401062011719,28.533627319335938
0601.jpg,1487.73,45.09999389648438,33.59999389648438
0602.jpg,950.805,38.818887329101564,34.166754150390624
0603.jpg,1514.995,45.1,33.6
0604.jpg,1369.2,44.86873779296875,33.71383056640625
0605.jpg,1424.05,45.1,33.6
0606.jpg,1346.105,45.0,33.6
0607.jpg,1025.83,45.106546020507814,33.562322998046874
0608.jpg,950.805,38.818887329101564,34.166754150390624
0609.jpg,1346.105,45.0,33.6
0610.jpg,1458.745,45.569140625,32.79125061035156
0611.jpg,1483.14,45.142599487304686,33.47227172851562
0612.jpg,1241.225,45.1,33.6
0613.jpg,1200.44,42.03721923828125,33.918765258789065
0614.jpg,1241.225,45.1,33.6
0615.jpg,1126.44,47.3875244140625,30.888189697265624
0616.jpg,1081.64,45.79745178222656,32.84972229003906
0617.jpg,1346.105,45.0,33.6
0618.jpg,765.35,45.0,33.6
0619.jpg,1103.835,45.26077575683594,33.24888305664062
0620.jpg,1317.245,45.1,33.6
0621.jpg,1409.965,44.900961303710936,33.63197021484375
0622.jpg,1373.935,44.9175048828125,33.68655090332031
0623.jpg,1054.12,45.1,33.6
0624.jpg,933.12,41.56809692382812,33.84798583984375
0625.jpg,1500.715,45.15587463378906,33.491259765625
0626.jpg,1241.225,45.1,33.6
0627.jpg,1104.94,45.1,33.5
0628.jpg,1364.525,44.104217529296875,33.77569580078125
0629.jpg,1453.44,45.1,33.6
0630.jpg,1335.13,45.0068359375,33.598794555664064
0631.jpg,1503.415,45.1,33.6
0632.jpg,1225.16,45.1,33.6
0633.jpg,1144.86,45.366921997070314,32.09092407226562
0634.jpg,1241.225,45.1,33.6
0635.jpg,1200.44,42.03721923828125,33.918765258789065
0636.jpg,1504.78,45.09999389648438,33.59999389648438
0637.jpg,1081.64,45.79745178222656,32.84972229003906
0638.jpg,1048.565,45.09999389648438,33.499993896484376
0639.jpg,1225.16,45.1,33.6
0640.jpg,1155.72,42.145318603515626,32.44932250976562
0641.jpg,1120.84,45.365579223632814,32.251470947265624
0642.jpg,1424.05,45.1,33.6
0643.jpg,1148.055,45.366921997070314,32.09092407226562
0644.jpg,1458.745,45.569140625,32.79125061035156
0645.jpg,1453.44,45.1,33.6
0646.jpg,1096.205,45.1,33.6
0647.jpg,1321.19,45.02644348144531,33.03309326171875
0648.jpg,1089.71,45.29640502929688,32.48497314453125
0649.jpg,1241.79,48.94479675292969,29.054135131835938
0650.jpg,1369.2,44.86873779296875,33.71383056640625
0651.jpg,765.35,45.0,33.6
0652.jpg,1447.25,45.75828857421875,32.260031127929686
0653.jpg,1109.08,47.81401062011719,28.533627319335938
0654.jpg,1231.775,46.34852600097656,32.44362182617188
0655.jpg,1103.835,45.26077575683594,33.24888305664062
0656.jpg,1199.43,44.48113098144531,33.724884033203125
0657.jpg,1351.225,45.306094360351565,31.94287109375
0658.jpg,1144.86,45.366921997070314,32.09092407226562
0659.jpg,1208.515,45.183282470703126,33.345883178710935
0660.jpg,1103.835,45.26077575683594,33.24888305664062
0661.jpg,1047.825,45.14849853515625,33.451422119140624
0662.jpg,1103.835,45.26077575683594,33.24888305664062
0663.jpg,1321.19,45.02644348144531,33.03309326171875
0664.jpg,1335.13,45.0068359375,33.598794555664064
0665.jpg,949.175,38.365692138671875,37.52339477539063
0666.jpg,1126.645,40.32515869140625,34.93708801269531
0667.jpg,1427.755,45.1,33.6
0668.jpg,1351.225,45.306094360351565,31.94287109375
0669.jpg,1483.14,45.142599487304686,33.47227172851562
0670.jpg,1037.745,45.14805603027344,33.4537353515625
0671.jpg,1196.545,45.10513610839844,33.347634887695314
0672.jpg,1483.14,45.142599487304686,33.47227172851562
0673.jpg,985.755,45.049462890625,33.60885009765625
0674.jpg,1411.785,45.18921813964844,33.21969909667969
0675.jpg,1351.34,44.83828430175781,33.513946533203125
0676.jpg,1485.145,45.1,33.6
0677.jpg,1453.44,45.1,33.6
0678.jpg,1241.79,48.94479675292969,29.054135131835938
0679.jpg,1325.385,45.12427978515625,33.05319519042969
0680.jpg,1325.385,45.12427978515625,33.05319519042969
0681.jpg,1414.25,44.887753295898435,33.67796936035156
0682.jpg,1364.525,44.104217529296875,33.77569580078125
0683.jpg,1087.48,43.618020629882814,33.32636413574219
0684.jpg,1147.98,46.314248657226564,32.59062805175781
0685.jpg,1455.335,45.1,33.6
0686.jpg,1447.62,45.4388916015625,32.969720458984376
0687.jpg,1346.835,45.001278686523435,33.186083984375
0688.jpg,1126.645,40.32515869140625,34.93708801269531
0689.jpg,1354.53,45.1,33.6
0690.jpg,1414.25,44.887753295898435,33.67796936035156
0691.jpg,1222.37,48.19844970703125,30.443951416015626
0692.jpg,1210.925,44.78470153808594,33.69809265136719
0693.jpg,1144.86,45.366921997070314,32.09092407226562
0694.jpg,1231.425,45.1,33.6
0695.jpg,986.52,45.42453308105469,31.721856689453126
0696.jpg,949.175,38.365692138671875,37.52339477539063
0697.jpg,1222.37,48.19844970703125,30.443951416015626
0698.jpg,1476.71,45.12467651367187,33.30751342773438
0699.jpg,1483.14,45.142599487304686,33.47227172851562
0700.jpg,1364.525,44.104217529296875,33.77569580078125
0701.jpg,1373.935,44.9175048828125,33.68655090332031
0702.jpg,1325.385,45.12427978515625,33.05319519042969
0703.jpg,1464.51,44.96004028320313,32.807470703125
0704.jpg,1496.49,45.05134582519531,33.362030029296875
0705.jpg,949.175,38.365692138671875,37.52339477539063
0706.jpg,1144.86,45.366921997070314,32.09092407226562
0707.jpg,1483.14,45.142599487304686,33.47227172851562
0708.jpg,1346.105,45.0,33.6
0709.jpg,1448.915,45.1,33.6
0710.jpg,1488.335,44.930746459960936,33.62843627929688
0711.jpg,1460.27,45.1,33.6
0712.jpg,1219.685,43.76895446777344,32.84597473144531
0713.jpg,1196.545,45.10513610839844,33.347634887695314
0714.jpg,1047.825,45.14849853515625,33.451422119140624
0715.jpg,1037.745,45.14805603027344,33.4537353515625
0716.jpg,1103.835,45.26077575683594,33.24888305664062
0717.jpg,991.675,45.083187866210935,33.6046875
0718.jpg,1020.965,40.578164672851564,36.30616149902344
0719.jpg,1361.97,45.1,33.6
0720.jpg,1054.12,45.1,33.6
0721.jpg,1399.47,45.1,33.6
0722.jpg,1498.835,45.1,33.6
0723.jpg,1087.48,43.618020629882814,33.32636413574219
0724.jpg,982.715,45.11336669921875,33.49230041503906
0725.jpg,1458.745,45.569140625,32.79125061035156
0726.jpg,1047.825,45.14849853515625,33.451422119140624
0727.jpg,1125.0,45.55149841308594,32.351541137695314
0728.jpg,1241.225,45.1,33.6
0729.jpg,1148.055,45.366921997070314,32.09092407226562
0730.jpg,1461.87,45.55706787109375,32.61063842773437
0731.jpg,1472.62,45.04143371582031,33.32328491210937
0732.jpg,1423.77,45.1,33.6
0733.jpg,1210.925,44.78470153808594,33.69809265136719
0734.jpg,1269.105,45.02328796386719,33.62814025878906
0735.jpg,1498.835,45.1,33.6
0736.jpg,1447.25,45.75828857421875,32.260031127929686
0737.jpg,1514.355,45.1,33.6
0738.jpg,1494.67,45.1,33.6
0739.jpg,1424.05,45.1,33.6
0740.jpg,1514.995,45.1,33.6
0741.jpg,1510.275,45.09999389648438,33.59999389648438
0742.jpg,1331.95,45.1,33.6
0743.jpg,1245.815,44.94992370605469,32.5363525390625
0744.jpg,1107.6,45.1,33.6
0745.jpg,1144.86,45.366921997070314,32.09092407226562
0746.jpg,1169.38,44.712771606445315,33.428323364257814
0747.jpg,1362.775,45.1,33.6
0748.jpg,1491.78,45.1,33.6
0749.jpg,1498.825,45.1,33.6
0750.jpg,1199.43,44.48113098144531,33.724884033203125
0751.jpg,765.35,45.0,33.6
0752.jpg,1476.71,45.12467651367187,33.30751342773438
0753.jpg,1364.525,44.104217529296875,33.77569580078125
0754.jpg,1231.425,45.1,33.6
0755.jpg,1148.055,45.366921997070314,32.09092407226562
0756.jpg,1478.595,45.09999389648438,33.59999389648438
0757.jpg,1206.94,44.88931579589844,32.17527770996094
0758.jpg,1361.97,45.1,33.6
0759.jpg,1446.885,45.1689453125,32.86790771484375
0760.jpg,1050.33,46.465084838867185,30.307742309570312
0761.jpg,1362.775,45.1,33.6
0762.jpg,1147.98,46.314248657226564,32.59062805175781
0763.jpg,1311.455,44.31011047363281,33.80583801269531
0764.jpg,1330.23,43.554046630859375,32.57071228027344
0765.jpg,1498.825,45.1,33.6
0766.jpg,1110.3,44.542120361328124,30.662380981445313
0767.jpg,1155.72,42.145318603515626,32.44932250976562
0768.jpg,1455.335,45.1,33.6
0769.jpg,1473.825,44.73289184570312,33.29405517578125
0770.jpg,1196.545,45.10513610839844,33.347634887695314
0771.jpg,1048.565,45.09999389648438,33.499993896484376
0772.jpg,1140.925,45.7948486328125,32.402139282226564
0773.jpg,1025.05,43.53223571777344,33.15076904296875
0774.jpg,1373.935,44.9175048828125,33.68655090332031
0775.jpg,1455.335,45.1,33.6
0776.jpg,1447.62,45.4388916015625,32.969720458984376
0777.jpg,1488.335,44.930746459960936,33.62843627929688
0778.jpg,1453.44,45.1,33.6
0779.jpg,1269.105,45.02328796386719,33.62814025878906
0780.jpg,1206.565,45.1,33.6
0781.jpg,1472.62,45.04143371582031,33.32328491210937
0782.jpg,1081.64,45.79745178222656,32.84972229003906
0783.jpg,1222.37,48.19844970703125,30.443951416015626
0784.jpg,1485.145,45.1,33.6
0785.jpg,1424.05,45.1,33.6
0786.jpg,1054.12,45.1,33.6
0787.jpg,1399.47,45.1,33.6
0788.jpg,1460.22,45.1,33.6
0789.jpg,1149.32,45.1,33.6
0790.jpg,1465.84,45.564694213867185,33.164224243164064
0791.jpg,1332.15,45.1,33.6
0792.jpg,950.805,38.818887329101564,34.166754150390624
0793.jpg,1465.84,45.564694213867185,33.164224243164064
0794.jpg,1241.225,45.1,33.6
0795.jpg,1054.12,45.1,33.6
0796.jpg,1373.935,44.9175048828125,33.68655090332031
0797.jpg,1048.565,45.09999389648438,33.499993896484376
0798.jpg,1120.84,45.365579223632814,32.251470947265624
0799.jpg,1331.95,45.1,33.6
0800.jpg,1148.055,45.366921997070314,32.09092407226562
0801.jpg,1414.25,44.887753295898435,33.67796936035156
0802.jpg,1321.19,45.02644348144531,33.03309326171875
0803.jpg,1125.0,45.55149841308594,32.351541137695314
0804.jpg,764.685,45.0,33.5
0805.jpg,1337.655,43.93997802734375,33.287109375
0806.jpg,1391.61,45.1,33.6
0807.jpg,1346.105,45.0,33.6
0808.jpg,1100.045,47.70193176269531,30.54241943359375
0809.jpg,1083.19,44.972283935546876,33.48128051757813
0810.jpg,1498.835,45.1,33.6
0811.jpg,1489.16,45.12095336914062,33.510885620117186
0812.jpg,1489.16,45.12095336914062,33.510885620117186
0813.jpg,1364.525,44.104217529296875,33.77569580078125
0814.jpg,1208.515,45.183282470703126,33.345883178710935
0815.jpg,1155.72,42.145318603515626,32.44932250976562
0816.jpg,1130.615,47.106146240234374,31.682052612304688
0817.jpg,1241.225,45.1,33.6
0818.jpg,1149.32,45.1,33.6
0819.jpg,1473.825,44.73289184570312,33.29405517578125
0820.jpg,1125.0,45.55149841308594,32.351541137695314
0821.jpg,1446.06,45.1,33.6
0822.jpg,1493.41,45.1,33.6
0823.jpg,1409.965,44.900961303710936,33.63197021484375
0824.jpg,1222.37,48.19844970703125,30.443951416015626
0825.jpg,1346.105,45.0,33.6
0826.jpg,1439.63,45.548406982421874,32.95564270019531
0827.jpg,1427.755,45.1,33.6
0828.jpg,1489.16,45.12095336914062,33.510885620117186
0829.jpg,1321.19,45.02644348144531,33.03309326171875
0830.jpg,1222.37,48.19844970703125,30.443951416015626
0831.jpg,1514.355,45.1,33.6
0832.jpg,1493.41,45.1,33.6
0833.jpg,1455.335,45.1,33.6
0834.jpg,1500.715,45.15587463378906,33.491259765625
0835.jpg,1258.715,46.35292053222656,32.250067138671874
0836.jpg,1369.2,44.86873779296875,33.71383056640625
0837.jpg,1340.645,45.1,33.6
0838.jpg,1269.105,45.02328796386719,33.62814025878906
0839.jpg,1219.685,43.76895446777344,32.84597473144531
0840.jpg,1447.25,45.75828857421875,32.260031127929686
0841.jpg,1465.84,45.564694213867185,33.164224243164064
0842.jpg,1270.255,45.1,33.6
0843.jpg,1447.25,45.75828857421875,32.260031127929686
0844.jpg,1206.565,45.1,33.6
0845.jpg,1317.245,45.1,33.6
0846.jpg,1453.44,45.1,33.6
0847.jpg,1089.71,45.29640502929688,32.48497314453125
0848.jpg,1481.915,45.141180419921874,33.333074951171874
0849.jpg,1500.715,45.15587463378906,33.491259765625
0850.jpg,1415.445,45.09999389648438,33.59999389648438
0851.jpg,1369.575,45.1,33.6
0852.jpg,1241.225,45.1,33.6
0853.jpg,1424.05,45.1,33.6
0854.jpg,1317.245,45.1,33.6
0855.jpg,1389.06,45.026736450195315,33.385678100585935
0856.jpg,1089.71,45.29640502929688,32.48497314453125
0857.jpg,1087.48,43.618020629882814,33.32636413574219
0858.jpg,1054.12,45.1,33.6
0859.jpg,1496.49,45.05134582519531,33.362030029296875
0860.jpg,1109.08,47.81401062011719,28.533627319335938
0861.jpg,985.755,45.049462890625,33.60885009765625
0862.jpg,1465.84,45.564694213867185,33.164224243164064
0863.jpg,1485.93,45.09999389648438,33.59999389648438
0864.jpg,1317.245,45.1,33.6
0865.jpg,1453.44,45.1,33.6
0866.jpg,1363.265,45.09999389648438,33.59999389648438
0867.jpg,1270.255,45.1,33.6
0868.jpg,1461.87,45.55706787109375,32.61063842773437
0869.jpg,1373.935,44.9175048828125,33.68655090332031
0870.jpg,1335.13,45.0068359375,33.598794555664064
0871.jpg,1409.965,44.900961303710936,33.63197021484375
0872.jpg,1196.545,45.10513610839844,33.347634887695314
0873.jpg,1351.225,45.306094360351565,31.94287109375
0874.jpg,1423.555,45.36455383300781,33.185247802734374
0875.jpg,985.755,45.049462890625,33.60885009765625
0876.jpg,1481.915,45.141180419921874,33.333074951171874
0877.jpg,1222.37,48.19844970703125,30.443951416015626
0878.jpg,1003.6,45.1,33.6
0879.jpg,1453.44,45.1,33.6
0880.jpg,1335.13,45.0068359375,33.598794555664064
0881.jpg,1120.84,45.365579223632814,32.251470947265624
0882.jpg,1107.6,45.1,33.6
0883.jpg,950.805,38.818887329101564,34.166754150390624
0884.jpg,1424.05,45.1,33.6
0885.jpg,1414.25,44.887753295898435,33.67796936035156
0886.jpg,1206.565,45.1,33.6
0887.jpg,1481.915,45.141180419921874,33.333074951171874
0888.jpg,1464.51,44.96004028320313,32.807470703125
0889.jpg,1212.96,44.8865478515625,32.360067749023436
0890.jpg,1476.71,45.12467651367187,33.30751342773438
0891.jpg,1335.13,45.0068359375,33.598794555664064
0892.jpg,1050.33,46.465084838867185,30.307742309570312
0893.jpg,1270.255,45.1,33.6
0894.jpg,1362.775,45.1,33.6
0895.jpg,1480.92,45.09999389648438,33.59999389648438
0896.jpg,1126.44,47.3875244140625,30.888189697265624
0897.jpg,1453.44,45.1,33.6
0898.jpg,1155.72,42.145318603515626,32.44932250976562
0899.jpg,1155.72,42.145318603515626,32.44932250976562
0900.jpg,1109.08,47.81401062011719,28.533627319335938
0901.jpg,1500.715,45.15587463378906,33.491259765625
0902.jpg,1397.135,45.09999389648438,33.59999389648438
0903.jpg,1321.19,45.02644348144531,33.03309326171875
0904.jpg,1415.445,45.09999389648438,33.59999389648438
0905.jpg,982.715,45.11336669921875,33.49230041503906
0906.jpg,1120.84,45.365579223632814,32.251470947265624
0907.jpg,1107.6,45.1,33.6
0908.jpg,1054.12,45.1,33.6
0909.jpg,1453.44,45.1,33.6
0910.jpg,764.685,45.0,33.5
0911.jpg,1104.94,45.1,33.5
0912.jpg,986.52,45.42453308105469,31.721856689453126
0913.jpg,1148.055,45.366921997070314,32.09092407226562
0914.jpg,1125.0,45.55149841308594,32.351541137695314
0915.jpg,1269.105,45.02328796386719,33.62814025878906
0916.jpg,1083.19,44.972283935546876,33.48128051757813
0917.jpg,1107.6,45.1,33.6
0918.jpg,1147.98,46.314248657226564,32.59062805175781
0919.jpg,1337.655,43.93997802734375,33.287109375
0920.jpg,1389.06,45.026736450195315,33.385678100585935
0921.jpg,1455.335,45.1,33.6
0922.jpg,1354.53,45.1,33.6
0923.jpg,1423.835,45.1,33.6
0924.jpg,1025.05,43.53223571777344,33.15076904296875
0925.jpg,1147.98,46.314248657226564,32.59062805175781
0926.jpg,1488.335,44.930746459960936,33.62843627929688
0927.jpg,1424.05,45.1,33.6
0928.jpg,949.175,38.365692138671875,37.52339477539063
0929.jpg,1081.64,45.79745178222656,32.84972229003906
0930.jpg,1498.825,45.1,33.6
0931.jpg,1332.15,45.1,33.6
0932.jpg,1354.53,45.1,33.6
0933.jpg,985.755,45.049462890625,33.60885009765625
0934.jpg,1140.925,45.7948486328125,32.402139282226564
0935.jpg,764.685,45.0,33.5
0936.jpg,1415.295,45.1,33.6
0937.jpg,764.685,45.0,33.5
0938.jpg,1196.545,45.10513610839844,33.347634887695314
0939.jpg,1126.645,40.32515869140625,34.93708801269531
0940.jpg,1351.34,44.83828430175781,33.513946533203125
0941.jpg,1453.44,45.1,33.6
0942.jpg,986.52,45.42453308105469,31.721856689453126
0943.jpg,1448.915,45.1,33.6
0944.jpg,1423.77,45.1,33.6
0945.jpg,1320.77,43.556314086914064,32.28129577636719
0946.jpg,1241.225,45.1,33.6
0947.jpg,1199.43,44.48113098144531,33.724884033203125
0948.jpg,1325.385,45.12427978515625,33.05319519042969
0949.jpg,765.35,45.0,33.6
0950.jpg,1270.255,45.1,33.6
0951.jpg,1493.41,45.1,33.6
0952.jpg,1083.19,44.972283935546876,33.48128051757813
0953.jpg,1494.67,45.1,33.6
0954.jpg,1472.62,45.04143371582031,33.32328491210937
0955.jpg,1054.12,45.1,33.6
0956.jpg,1447.62,45.4388916015625,32.969720458984376
0957.jpg,1054.12,45.1,33.6
0958.jpg,1424.05,45.1,33.6
0959.jpg,1471.035,45.74186401367187,32.84332275390625
0960.jpg,1245.815,44.94992370605469,32.5363525390625
0961.jpg,1144.86,45.366921997070314,32.09092407226562
0962.jpg,1331.95,45.1,33.6
0963.jpg,1489.4,45.242645263671875,33.125054931640626
0964.jpg,1206.565,45.1,33.6
0965.jpg,1081.64,45.79745178222656,32.84972229003906
0966.jpg,1476.71,45.12467651367187,33.30751342773438
0967.jpg,950.805,38.818887329101564,34.166754150390624
0968.jpg,1219.685,43.76895446777344,32.84597473144531
0969.jpg,1458.745,45.569140625,32.79125061035156
0970.jpg,1155.72,42.145318603515626,32.44932250976562
0971.jpg,1087.24,48.45394592285156,29.349398803710937
0972.jpg,991.675,45.083187866210935,33.6046875
0973.jpg,1464.51,44.96004028320313,32.807470703125
0974.jpg,1148.055,45.366921997070314,32.09092407226562
0975.jpg,1199.43,44.48113098144531,33.724884033203125
0976.jpg,1461.87,45.55706787109375,32.61063842773437
0977.jpg,1513.96,45.1,33.6
0978.jpg,1325.385,45.12427978515625,33.05319519042969
0979.jpg,1364.525,44.104217529296875,33.77569580078125
0980.jpg,949.175,38.365692138671875,37.52339477539063
0981.jpg,1453.44,45.1,33.6
0982.jpg,1362.775,45.1,33.6
0983.jpg,1169.38,44.712771606445315,33.428323364257814
0984.jpg,1496.49,45.05134582519531,33.362030029296875
0985.jpg,1071.395,44.169873046875,32.47108764648438
0986.jpg,1369.575,45.1,33.6
0987.jpg,1212.96,44.8865478515625,32.360067749023436
0988.jpg,1321.19,45.02644348144531,33.03309326171875
0989.jpg,1514.995,45.1,33.6
0990.jpg,1087.48,43.618020629882814,33.32636413574219
0991.jpg,1126.645,40.32515869140625,34.93708801269531
0992.jpg,1504.78,45.09999389648438,33.59999389648438
0993.jpg,1196.545,45.10513610839844,33.347634887695314
0994.jpg,1003.6,45.1,33.6
0995.jpg,1498.415,45.19345703125,33.415652465820315
0996.jpg,1270.255,45.1,33.6
0997.jpg,1196.545,45.10513610839844,33.347634887695314
0998.jpg,1212.695,44.63754577636719,33.66549377441406
0999.jpg,1514.995,45.1,33.6
1000.jpg,1397.135,45.09999389648438,33.59999389648438
1001.jpg,1423.77,45.1,33.6
1002.jpg,1020.075,45.1,33.6
1003.jpg,1461.87,45.55706787109375,32.61063842773437
1004.jpg,764.685,45.0,33.5
1005.jpg,1148.055,45.366921997070314,32.09092407226562
1006.jpg,1241.225,45.1,33.6
1007.jpg,1241.79,48.94479675292969,29.054135131835938
1008.jpg,1123.39,45.96007080078125,32.476950073242186
1009.jpg,1025.83,45.106546020507814,33.562322998046874
1010.jpg,1087.24,48.45394592285156,29.349398803710937
1011.jpg,1081.64,45.79745178222656,32.84972229003906
1012.jpg,1494.67,45.1,33.6
1013.jpg,1006.83,45.055484008789065,33.592037963867185
1014.jpg,1110.3,44.542120361328124,30.662380981445313
1015.jpg,1228.56,44.918087768554685,32.88180847167969
1016.jpg,1037.745,45.14805603027344,33.4537353515625
1017.jpg,1087.48,43.618020629882814,33.32636413574219
1018.jpg,1411.785,45.18921813964844,33.21969909667969
1019.jpg,1037.745,45.14805603027344,33.4537353515625
1020.jpg,1489.16,45.12095336914062,33.510885620117186
1021.jpg,1415.445,45.09999389648438,33.59999389648438
1022.jpg,1514.355,45.1,33.6
1023.jpg,1447.25,45.75828857421875,32.260031127929686
1024.jpg,1453.65,45.1,33.6
1025.jpg,1335.13,45.0068359375,33.598794555664064
1026.jpg,1332.15,45.1,33.6
1027.jpg,1222.37,48.19844970703125,30.443951416015626
1028.jpg,1493.41,45.1,33.6
1029.jpg,1325.385,45.12427978515625,33.05319519042969
1030.jpg,1415.445,45.09999389648438,33.59999389648438
1031.jpg,1325.385,45.12427978515625,33.05319519042969
1032.jpg,1083.19,44.972283935546876,33.48128051757813
1033.jpg,1241.79,48.94479675292969,29.054135131835938
1034.jpg,1447.25,45.75828857421875,32.260031127929686
1035.jpg,1120.84,45.365579223632814,32.251470947265624
1036.jpg,1476.71,45.12467651367187,33.30751342773438
1037.jpg,1120.84,45.365579223632814,32.251470947265624
1038.jpg,1113.405,46.099176025390626,31.84449462890625
1039.jpg,1424.05,45.1,33.6
1040.jpg,1455.335,45.1,33.6
1041.jpg,1335.13,45.0068359375,33.598794555664064
1042.jpg,1155.72,42.145318603515626,32.44932250976562
1043.jpg,1432.72,45.1,33.6
1044.jpg,1423.77,45.1,33.6
1045.jpg,1071.395,44.169873046875,32.47108764648438
1046.jpg,1144.86,45.366921997070314,32.09092407226562
1047.jpg,986.52,45.42453308105469,31.721856689453126
1048.jpg,1476.71,45.12467651367187,33.30751342773438
1049.jpg,765.35,45.0,33.6
1050.jpg,1399.47,45.1,33.6
1051.jpg,1346.105,45.0,33.6
1052.jpg,1488.335,44.930746459960936,33.62843627929688
1053.jpg,1510.275,45.09999389648438,33.59999389648438
1054.jpg,1498.835,45.1,33.6
1055.jpg,1199.43,44.48113098144531,33.724884033203125
1056.jpg,1504.78,45.09999389648438,33.59999389648438
1057.jpg,1245.815,44.94992370605469,32.5363525390625
1058.jpg,1453.44,45.1,33.6
1059.jpg,1369.2,44.86873779296875,33.71383056640625
1060.jpg,1219.685,43.76895446777344,32.84597473144531
1061.jpg,1498.415,45.19345703125,33.415652465820315
1062.jpg,1222.37,48.19844970703125,30.443951416015626
1063.jpg,985.755,45.049462890625,33.60885009765625
1064.jpg,1478.595,45.09999389648438,33.59999389648438
1065.jpg,1113.405,46.099176025390626,31.84449462890625
1066.jpg,1352.81,44.22255249023438,32.844363403320315
1067.jpg,1109.08,47.81401062011719,28.533627319335938
1068.jpg,1125.0,45.55149841308594,32.351541137695314
1069.jpg,1415.295,45.1,33.6
1070.jpg,1491.78,45.1,33.6
1071.jpg,1321.19,45.02644348144531,33.03309326171875
1072.jpg,1047.22,45.10214538574219,33.398828125
1073.jpg,1348.79,44.94164123535156,32.86355895996094
1074.jpg,1219.685,43.76895446777344,32.84597473144531
1075.jpg,1270.255,45.1,33.6
1076.jpg,1047.22,45.10214538574219,33.398828125
1077.jpg,1087.48,43.618020629882814,33.32636413574219
1078.jpg,1447.62,45.4388916015625,32.969720458984376
1079.jpg,1433.88,45.1,33.6
1080.jpg,1415.445,45.09999389648438,33.59999389648438
1081.jpg,1461.87,45.55706787109375,32.61063842773437
1082.jpg,764.685,45.0,33.5
1083.jpg,1042.785,45.081597900390626,33.355587768554685
1084.jpg,1501.17,44.975668334960936,33.4672607421875
1085.jpg,1453.44,45.1,33.6
1086.jpg,1241.225,45.1,33.6
1087.jpg,1461.87,45.55706787109375,32.61063842773437
1088.jpg,1510.275,45.09999389648438,33.59999389648438
1089.jpg,1231.425,45.1,33.6
1090.jpg,1448.46,44.921932983398435,33.07026062011719
1091.jpg,1228.56,44.918087768554685,32.88180847167969
1092.jpg,1447.25,45.75828857421875,32.260031127929686
1093.jpg,1423.77,45.1,33.6
1094.jpg,1025.05,43.53223571777344,33.15076904296875
1095.jpg,1423.77,45.1,33.6
1096.jpg,1415.295,45.1,33.6
1097.jpg,1196.545,45.10513610839844,33.347634887695314
1098.jpg,1155.72,42.145318603515626,32.44932250976562
1099.jpg,1455.335,45.1,33.6
1100.jpg,1424.05,45.1,33.6
1101.jpg,1391.61,45.1,33.6
1102.jpg,1241.79,48.94479675292969,29.054135131835938
1103.jpg,1498.825,45.1,33.6
1104.jpg,1514.995,45.1,33.6
1105.jpg,1493.41,45.1,33.6
1106.jpg,1325.385,45.12427978515625,33.05319519042969
1107.jpg,1222.37,48.19844970703125,30.443951416015626
1108.jpg,1199.43,44.48113098144531,33.724884033203125
1109.jpg,1212.695,44.63754577636719,33.66549377441406
1110.jpg,1514.355,45.1,33.6
1111.jpg,1448.46,44.921932983398435,33.07026062011719
1112.jpg,1037.745,45.14805603027344,33.4537353515625
1113.jpg,1514.995,45.1,33.6
1114.jpg,1037.745,45.14805603027344,33.4537353515625
1115.jpg,1361.97,45.1,33.6
1116.jpg,1369.575,45.1,33.6
1117.jpg,986.52,45.42453308105469,31.721856689453126
1118.jpg,950.805,38.818887329101564,34.166754150390624
1119.jpg,1455.335,45.1,33.6
1120.jpg,1332.15,45.1,33.6
1121.jpg,1103.835,45.26077575683594,33.24888305664062
1122.jpg,1325.385,45.12427978515625,33.05319519042969
1123.jpg,991.675,45.083187866210935,33.6046875
1124.jpg,1208.515,45.183282470703126,33.345883178710935
1125.jpg,1423.77,45.1,33.6
1126.jpg,1206.565,45.1,33.6
1127.jpg,1144.86,45.366921997070314,32.09092407226562
1128.jpg,1493.41,45.1,33.6
1129.jpg,1391.61,45.1,33.6
1130.jpg,1514.355,45.1,33.6
1131.jpg,1225.16,45.1,33.6
1132.jpg,1498.835,45.1,33.6
1133.jpg,1399.47,45.1,33.6
1134.jpg,1081.64,45.79745178222656,32.84972229003906
1135.jpg,1071.395,44.169873046875,32.47108764648438
1136.jpg,1081.64,45.79745178222656,32.84972229003906
1137.jpg,1348.79,44.94164123535156,32.86355895996094
1138.jpg,1373.935,44.9175048828125,33.68655090332031
1139.jpg,1362.775,45.1,33.6
1140.jpg,1269.105,45.02328796386719,33.62814025878906
1141.jpg,1206.94,44.88931579589844,32.17527770996094
1142.jpg,1409.965,44.900961303710936,33.63197021484375
1143.jpg,1363.265,45.09999389648438,33.59999389648438
1144.jpg,1514.355,45.1,33.6
1145.jpg,1104.94,45.1,33.5
1146.jpg,1337.655,43.93997802734375,33.287109375
1147.jpg,1409.965,44.900961303710936,33.63197021484375
1148.jpg,1337.655,43.93997802734375,33.287109375
1149.jpg,1481.915,45.141180419921874,33.333074951171874
1150.jpg,1510.275,45.09999389648438,33.59999389648438
1151.jpg,1330.23,43.554046630859375,32.57071228027344
1152.jpg,1144.86,45.366921997070314,32.09092407226562
1153.jpg,1433.88,45.1,33.6
1154.jpg,1107.6,45.1,33.6
1155.jpg,1149.32,45.1,33.6
1156.jpg,1510.275,45.09999389648438,33.59999389648438
1157.jpg,1351.225,45.306094360351565,31.94287109375
1158.jpg,765.35,45.0,33.6
1159.jpg,1107.6,45.1,33.6
1160.jpg,1461.87,45.55706787109375,32.61063842773437
1161.jpg,1120.84,45.365579223632814,32.251470947265624
1162.jpg,1361.97,45.1,33.6
1163.jpg,1496.49,45.05134582519531,33.362030029296875
1164.jpg,1351.34,44.83828430175781,33.513946533203125
1165.jpg,1144.86,45.366921997070314,32.09092407226562
1166.jpg,1212.695,44.63754577636719,33.66549377441406
1167.jpg,1025.05,43.53223571777344,33.15076904296875
1168.jpg,1107.6,45.1,33.6
1169.jpg,1485.93,45.09999389648438,33.59999389648438
1170.jpg,986.52,45.42453308105469,31.721856689453126
1171.jpg,1083.19,44.972283935546876,33.48128051757813
1172.jpg,1335.13,45.0068359375,33.598794555664064
1173.jpg,1222.37,48.19844970703125,30.443951416015626
1174.jpg,1003.6,45.1,33.6
1175.jpg,1054.12,45.1,33.6
1176.jpg,1054.12,45.1,33.6
1177.jpg,1199.43,44.48113098144531,33.724884033203125
1178.jpg,1100.045,47.70193176269531,30.54241943359375
1179.jpg,1222.37,48.19844970703125,30.443951416015626
1180.jpg,765.35,45.0,33.6
1181.jpg,1083.19,44.972283935546876,33.48128051757813
1182.jpg,1473.825,44.73289184570312,33.29405517578125
1183.jpg,1025.05,43.53223571777344,33.15076904296875
