Image Name,Edge Pixel Count
0001.jpg,1552
0002.jpg,1439
0003.jpg,1422
0004.jpg,1468
0005.jpg,1530
0006.jpg,1511
0007.jpg,1622
0008.jpg,1400
0009.jpg,1456
0010.jpg,1487
0011.jpg,1502
0012.jpg,1489
0013.jpg,1465
0014.jpg,1472
0015.jpg,1516
0016.jpg,1436
0017.jpg,1681
0018.jpg,1530
0019.jpg,1387
0020.jpg,1566
0021.jpg,1297
0022.jpg,1240
0023.jpg,1621
0024.jpg,1414
0025.jpg,1436
0026.jpg,1337
0027.jpg,1240
0028.jpg,1487
0029.jpg,1573
0030.jpg,1565
0031.jpg,1369
0032.jpg,1573
0033.jpg,1541
0034.jpg,1514
0035.jpg,1559
0036.jpg,1443
0037.jpg,1572
0038.jpg,1339
0039.jpg,1560
0040.jpg,1449
0041.jpg,1489
0042.jpg,1381
0043.jpg,1339
0044.jpg,1284
0045.jpg,1451
0046.jpg,1500
0047.jpg,1501
0048.jpg,1517
0049.jpg,1530
0050.jpg,1552
0051.jpg,1560
0052.jpg,1374
0053.jpg,1449
0054.jpg,1487
0055.jpg,1622
0056.jpg,1476
0057.jpg,1531
0058.jpg,1560
0059.jpg,1554
0060.jpg,1455
0061.jpg,1414
0062.jpg,1535
0063.jpg,1500
0064.jpg,1500
0065.jpg,1436
0066.jpg,1565
0067.jpg,1535
0068.jpg,1453
0069.jpg,1473
0070.jpg,1473
0071.jpg,1439
0072.jpg,1502
0073.jpg,1436
0074.jpg,1576
0075.jpg,1557
0076.jpg,1553
0077.jpg,1524
0078.jpg,1297
0079.jpg,1530
0080.jpg,1622
0081.jpg,1451
0082.jpg,1449
0083.jpg,1501
0084.jpg,1517
0085.jpg,1573
0086.jpg,1622
0087.jpg,1511
0088.jpg,1492
0089.jpg,1339
0090.jpg,1502
0091.jpg,1240
0092.jpg,1423
0093.jpg,1487
0094.jpg,1456
0095.jpg,1565
0096.jpg,1524
0097.jpg,1420
0098.jpg,1449
0099.jpg,1382
0100.jpg,1572
0101.jpg,1535
0102.jpg,1457
0103.jpg,1502
0104.jpg,1569
0105.jpg,1539
0106.jpg,1472
0107.jpg,1414
0108.jpg,1622
0109.jpg,1575
0110.jpg,1443
0111.jpg,1534
0112.jpg,1523
0113.jpg,1519
0114.jpg,1561
0115.jpg,1554
0116.jpg,1642
0117.jpg,1476
0118.jpg,1623
0119.jpg,1553
0120.jpg,1449
0121.jpg,1541
0122.jpg,1468
0123.jpg,1565
0124.jpg,1455
0125.jpg,1517
0126.jpg,1495
0127.jpg,1622
0128.jpg,1436
0129.jpg,1437
0130.jpg,1560
0131.jpg,1418
0132.jpg,1487
0133.jpg,1436
0134.jpg,1467
0135.jpg,1559
0136.jpg,1566
0137.jpg,1422
0138.jpg,1387
0139.jpg,1443
0140.jpg,1567
0141.jpg,1487
0142.jpg,1392
0143.jpg,1511
0144.jpg,1568
0145.jpg,1575
0146.jpg,1565
0147.jpg,1500
0148.jpg,1483
0149.jpg,1553
0150.jpg,1456
0151.jpg,1559
0152.jpg,1454
0153.jpg,1339
0154.jpg,1559
0155.jpg,1530
0156.jpg,1554
0157.jpg,1566
0158.jpg,1511
0159.jpg,1502
0160.jpg,1418
0161.jpg,1468
0162.jpg,1561
0163.jpg,1374
0164.jpg,1502
0165.jpg,1462
0166.jpg,1575
0167.jpg,1566
0168.jpg,1511
0169.jpg,1423
0170.jpg,1621
0171.jpg,1317
0172.jpg,1414
0173.jpg,1462
0174.jpg,1573
0175.jpg,1454
0176.jpg,1436
0177.jpg,1424
0178.jpg,1317
0179.jpg,1443
0180.jpg,1398
0181.jpg,1576
0182.jpg,1337
0183.jpg,1681
0184.jpg,1443
0185.jpg,1681
0186.jpg,1449
0187.jpg,1398
0188.jpg,1414
0189.jpg,1443
0190.jpg,1681
0191.jpg,1420
0192.jpg,1623
0193.jpg,1560
0194.jpg,1297
0195.jpg,1517
0196.jpg,1437
0197.jpg,1449
0198.jpg,1560
0199.jpg,1566
0200.jpg,1535
0201.jpg,1622
0202.jpg,1339
0203.jpg,1470
0204.jpg,1549
0205.jpg,1414
0206.jpg,1339
0207.jpg,1569
0208.jpg,1572
0209.jpg,1548
0210.jpg,1565
0211.jpg,1498
0212.jpg,1485
0213.jpg,1457
0214.jpg,1382
0215.jpg,1374
0216.jpg,1483
0217.jpg,1418
0218.jpg,1572
0219.jpg,1500
0220.jpg,1451
0221.jpg,1552
0222.jpg,1414
0223.jpg,1621
0224.jpg,1523
0225.jpg,1451
0226.jpg,1495
0227.jpg,1563
0228.jpg,1455
0229.jpg,1455
0230.jpg,1500
0231.jpg,1576
0232.jpg,1532
0233.jpg,1511
0234.jpg,1400
0235.jpg,1470
0236.jpg,1535
0237.jpg,1439
0238.jpg,1451
0239.jpg,1531
0240.jpg,1297
0241.jpg,1560
0242.jpg,1560
0243.jpg,1436
0244.jpg,1565
0245.jpg,1436
0246.jpg,1387
0247.jpg,1455
0248.jpg,1560
0249.jpg,1547
0250.jpg,1398
0251.jpg,1494
0252.jpg,1552
0253.jpg,1460
0254.jpg,1339
0255.jpg,1485
0256.jpg,1532
0257.jpg,1418
0258.jpg,1240
0259.jpg,1576
0260.jpg,1567
0261.jpg,1560
0262.jpg,1422
0263.jpg,1297
0264.jpg,1519
0265.jpg,1530
0266.jpg,1559
0267.jpg,1681
0268.jpg,1418
0269.jpg,1414
0270.jpg,1422
0271.jpg,1552
0272.jpg,1422
0273.jpg,1572
0274.jpg,1546
0275.jpg,1560
0276.jpg,1642
0277.jpg,1451
0278.jpg,1622
0279.jpg,1552
0280.jpg,1535
0281.jpg,1374
0282.jpg,1400
0283.jpg,1534
0284.jpg,1511
0285.jpg,1460
0286.jpg,1472
0287.jpg,1564
0288.jpg,1451
0289.jpg,1502
0290.jpg,1449
0291.jpg,1523
0292.jpg,1449
0293.jpg,1470
0294.jpg,1566
0295.jpg,1621
0296.jpg,1422
0297.jpg,1374
0298.jpg,1560
0299.jpg,1339
0300.jpg,1572
0301.jpg,1337
0302.jpg,1573
0303.jpg,1517
0304.jpg,1498
0305.jpg,1436
0306.jpg,1414
0307.jpg,1487
0308.jpg,1436
0309.jpg,1489
0310.jpg,1570
0311.jpg,1468
0312.jpg,1317
0313.jpg,1414
0314.jpg,1414
0315.jpg,1535
0316.jpg,1570
0317.jpg,1339
0318.jpg,1464
0319.jpg,1464
0320.jpg,1535
0321.jpg,1575
0322.jpg,1511
0323.jpg,1423
0324.jpg,1485
0325.jpg,1553
0326.jpg,1621
0327.jpg,1374
0328.jpg,1532
0329.jpg,1420
0330.jpg,1511
0331.jpg,1492
0332.jpg,1514
0333.jpg,1472
0334.jpg,1560
0335.jpg,1576
0336.jpg,1374
0337.jpg,1661
0338.jpg,1436
0339.jpg,1240
0340.jpg,1535
0341.jpg,1523
0342.jpg,1547
0343.jpg,1423
0344.jpg,1369
0345.jpg,1557
0346.jpg,1566
0347.jpg,1547
0348.jpg,1436
0349.jpg,1436
0350.jpg,1552
0351.jpg,1420
0352.jpg,1560
0353.jpg,1436
0354.jpg,1437
0355.jpg,1561
0356.jpg,1451
0357.jpg,1570
0358.jpg,1557
0359.jpg,1517
0360.jpg,1436
0361.jpg,1565
0362.jpg,1455
0363.jpg,1576
0364.jpg,1400
0365.jpg,1552
0366.jpg,1436
0367.jpg,1502
0368.jpg,1374
0369.jpg,1566
0370.jpg,1414
0371.jpg,1511
0372.jpg,1449
0373.jpg,1400
0374.jpg,1566
0375.jpg,1337
0376.jpg,1541
0377.jpg,1436
0378.jpg,1418
0379.jpg,1621
0380.jpg,1489
0381.jpg,1564
0382.jpg,1485
0383.jpg,1468
0384.jpg,1531
0385.jpg,1681
0386.jpg,1470
0387.jpg,1297
0388.jpg,1464
0389.jpg,1456
0390.jpg,1382
0391.jpg,1317
0392.jpg,1485
0393.jpg,1451
0394.jpg,1467
0395.jpg,1387
0396.jpg,1555
0397.jpg,1511
0398.jpg,1489
0399.jpg,1661
0400.jpg,1449
0401.jpg,1565
0402.jpg,1552
0403.jpg,1523
0404.jpg,1400
0405.jpg,1487
0406.jpg,1572
0407.jpg,1572
0408.jpg,1473
0409.jpg,1423
0410.jpg,1374
0411.jpg,1572
0412.jpg,1374
0413.jpg,1473
0414.jpg,1570
0415.jpg,1511
0416.jpg,1451
0417.jpg,1451
0418.jpg,1387
0419.jpg,1297
0420.jpg,1560
0421.jpg,1566
0422.jpg,1451
0423.jpg,1511
0424.jpg,1489
0425.jpg,1369
0426.jpg,1575
0427.jpg,1566
0428.jpg,1468
0429.jpg,1572
0430.jpg,1451
0431.jpg,1470
0432.jpg,1240
0433.jpg,1529
0434.jpg,1451
0435.jpg,1552
0436.jpg,1531
0437.jpg,1485
0438.jpg,1553
0439.jpg,1523
0440.jpg,1535
0441.jpg,1468
0442.jpg,1436
0443.jpg,1541
0444.jpg,1387
0445.jpg,1407
0446.jpg,1532
0447.jpg,1523
0448.jpg,1454
0449.jpg,1422
0450.jpg,1387
0451.jpg,1549
0452.jpg,1535
0453.jpg,1535
0454.jpg,1552
0455.jpg,1453
0456.jpg,1573
0457.jpg,1472
0458.jpg,1514
0459.jpg,1439
0460.jpg,1530
0461.jpg,1554
0462.jpg,1398
0463.jpg,1552
0464.jpg,1436
0465.jpg,1532
0466.jpg,1516
0467.jpg,1462
0468.jpg,1523
0469.jpg,1621
0470.jpg,1530
0471.jpg,1535
0472.jpg,1449
0473.jpg,1337
0474.jpg,1565
0475.jpg,1557
0476.jpg,1661
0477.jpg,1443
0478.jpg,1455
0479.jpg,1494
0480.jpg,1297
0481.jpg,1552
0482.jpg,1524
0483.jpg,1470
0484.jpg,1517
0485.jpg,1439
0486.jpg,1575
0487.jpg,1622
0488.jpg,1681
0489.jpg,1414
0490.jpg,1436
0491.jpg,1566
0492.jpg,1392
0493.jpg,1424
0494.jpg,1449
0495.jpg,1437
0496.jpg,1454
0497.jpg,1422
0498.jpg,1414
0499.jpg,1572
0500.jpg,1377
0501.jpg,1382
0502.jpg,1511
0503.jpg,1542
0504.jpg,1423
0505.jpg,1531
0506.jpg,1468
0507.jpg,1560
0508.jpg,1513
0509.jpg,1424
0510.jpg,1424
0511.jpg,1449
0512.jpg,1449
0513.jpg,1472
0514.jpg,1566
0515.jpg,1337
0516.jpg,1552
0517.jpg,1553
0518.jpg,1468
0519.jpg,1418
0520.jpg,1546
0521.jpg,1560
0522.jpg,1487
0523.jpg,1531
0524.jpg,1495
0525.jpg,1549
0526.jpg,1511
0527.jpg,1462
0528.jpg,1240
0529.jpg,1569
0530.jpg,1284
0531.jpg,1552
0532.jpg,1538
0533.jpg,1476
0534.jpg,1451
0535.jpg,1500
0536.jpg,1681
0537.jpg,1576
0538.jpg,1297
0539.jpg,1573
0540.jpg,1560
0541.jpg,1414
0542.jpg,1559
0543.jpg,1470
0544.jpg,1451
0545.jpg,1439
0546.jpg,1552
0547.jpg,1541
0548.jpg,1559
0549.jpg,1400
0550.jpg,1560
0551.jpg,1565
0552.jpg,1572
0553.jpg,1541
0554.jpg,1530
0555.jpg,1501
0556.jpg,1502
0557.jpg,1535
0558.jpg,1572
0559.jpg,1572
0560.jpg,1451
0561.jpg,1552
0562.jpg,1564
0563.jpg,1457
0564.jpg,1516
0565.jpg,1576
0566.jpg,1554
0567.jpg,1523
0568.jpg,1548
0569.jpg,1420
0570.jpg,1398
0571.jpg,1439
0572.jpg,1517
0573.jpg,1576
0574.jpg,1563
0575.jpg,1511
0576.jpg,1369
0577.jpg,1468
0578.jpg,1560
0579.jpg,1576
0580.jpg,1549
0581.jpg,1462
0582.jpg,1502
0583.jpg,1449
0584.jpg,1422
0585.jpg,1470
0586.jpg,1500
0587.jpg,1460
0588.jpg,1564
0589.jpg,1476
0590.jpg,1561
0591.jpg,1530
0592.jpg,1473
0593.jpg,1511
0594.jpg,1453
0595.jpg,1382
0596.jpg,1470
0597.jpg,1519
0598.jpg,1424
0599.jpg,1621
0600.jpg,1369
0601.jpg,1560
0602.jpg,1517
0603.jpg,1576
0604.jpg,1472
0605.jpg,1621
0606.jpg,1559
0607.jpg,1541
0608.jpg,1517
0609.jpg,1559
0610.jpg,1547
0611.jpg,1535
0612.jpg,1420
0613.jpg,1414
0614.jpg,1420
0615.jpg,1400
0616.jpg,1443
0617.jpg,1559
0618.jpg,1423
0619.jpg,1462
0620.jpg,1560
0621.jpg,1511
0622.jpg,1501
0623.jpg,1572
0624.jpg,1464
0625.jpg,1567
0626.jpg,1420
0627.jpg,1569
0628.jpg,1511
0629.jpg,1531
0630.jpg,1470
0631.jpg,1573
0632.jpg,1436
0633.jpg,1422
0634.jpg,1420
0635.jpg,1414
0636.jpg,1569
0637.jpg,1443
0638.jpg,1451
0639.jpg,1436
0640.jpg,1374
0641.jpg,1449
0642.jpg,1621
0643.jpg,1436
0644.jpg,1547
0645.jpg,1531
0646.jpg,1513
0647.jpg,1455
0648.jpg,1297
0649.jpg,1424
0650.jpg,1472
0651.jpg,1423
0652.jpg,1541
0653.jpg,1369
0654.jpg,1454
0655.jpg,1462
0656.jpg,1418
0657.jpg,1549
0658.jpg,1422
0659.jpg,1439
0660.jpg,1462
0661.jpg,1449
0662.jpg,1462
0663.jpg,1455
0664.jpg,1470
0665.jpg,1382
0666.jpg,1568
0667.jpg,1553
0668.jpg,1549
0669.jpg,1535
0670.jpg,1453
0671.jpg,1681
0672.jpg,1535
0673.jpg,1468
0674.jpg,1548
0675.jpg,1489
0676.jpg,1557
0677.jpg,1531
0678.jpg,1424
0679.jpg,1451
0680.jpg,1451
0681.jpg,1552
0682.jpg,1511
0683.jpg,1317
0684.jpg,1337
0685.jpg,1575
0686.jpg,1542
0687.jpg,1542
0688.jpg,1568
0689.jpg,1497
0690.jpg,1552
0691.jpg,1500
0692.jpg,1422
0693.jpg,1422
0694.jpg,1519
0695.jpg,1661
0696.jpg,1382
0697.jpg,1500
0698.jpg,1554
0699.jpg,1535
0700.jpg,1511
0701.jpg,1501
0702.jpg,1451
0703.jpg,1546
0704.jpg,1563
0705.jpg,1382
0706.jpg,1422
0707.jpg,1535
0708.jpg,1559
0709.jpg,1535
0710.jpg,1558
0711.jpg,1538
0712.jpg,1414
0713.jpg,1681
0714.jpg,1449
0715.jpg,1453
0716.jpg,1462
0717.jpg,1531
0718.jpg,1381
0719.jpg,1502
0720.jpg,1572
0721.jpg,1502
0722.jpg,1565
0723.jpg,1317
0724.jpg,1542
0725.jpg,1547
0726.jpg,1449
0727.jpg,1456
0728.jpg,1420
0729.jpg,1436
0730.jpg,1549
0731.jpg,1553
0732.jpg,1623
0733.jpg,1422
0734.jpg,1454
0735.jpg,1565
0736.jpg,1541
0737.jpg,1575
0738.jpg,1565
0739.jpg,1621
0740.jpg,1576
0741.jpg,1572
0742.jpg,1439
0743.jpg,1489
0744.jpg,1339
0745.jpg,1422
0746.jpg,1494
0747.jpg,1566
0748.jpg,1560
0749.jpg,1576
0750.jpg,1418
0751.jpg,1423
0752.jpg,1554
0753.jpg,1511
0754.jpg,1519
0755.jpg,1436
0756.jpg,1552
0757.jpg,1467
0758.jpg,1502
0759.jpg,1539
0760.jpg,1460
0761.jpg,1566
0762.jpg,1337
0763.jpg,1444
0764.jpg,1465
0765.jpg,1576
0766.jpg,1436
0767.jpg,1374
0768.jpg,1575
0769.jpg,1554
0770.jpg,1681
0771.jpg,1451
0772.jpg,1523
0773.jpg,1642
0774.jpg,1501
0775.jpg,1575
0776.jpg,1542
0777.jpg,1558
0778.jpg,1531
0779.jpg,1454
0780.jpg,1541
0781.jpg,1553
0782.jpg,1443
0783.jpg,1500
0784.jpg,1557
0785.jpg,1621
0786.jpg,1572
0787.jpg,1502
0788.jpg,1547
0789.jpg,1560
0790.jpg,1530
0791.jpg,1532
0792.jpg,1517
0793.jpg,1530
0794.jpg,1420
0795.jpg,1572
0796.jpg,1501
0797.jpg,1451
0798.jpg,1449
0799.jpg,1439
0800.jpg,1436
0801.jpg,1552
0802.jpg,1455
0803.jpg,1456
0804.jpg,1240
0805.jpg,1487
0806.jpg,1483
0807.jpg,1559
0808.jpg,1398
0809.jpg,1523
0810.jpg,1565
0811.jpg,1560
0812.jpg,1560
0813.jpg,1511
0814.jpg,1439
0815.jpg,1374
0816.jpg,1510
0817.jpg,1420
0818.jpg,1560
0819.jpg,1554
0820.jpg,1456
0821.jpg,1572
0822.jpg,1561
0823.jpg,1511
0824.jpg,1500
0825.jpg,1559
0826.jpg,1524
0827.jpg,1553
0828.jpg,1560
0829.jpg,1455
0830.jpg,1500
0831.jpg,1575
0832.jpg,1561
0833.jpg,1575
0834.jpg,1567
0835.jpg,1437
0836.jpg,1472
0837.jpg,1495
0838.jpg,1454
0839.jpg,1414
0840.jpg,1541
0841.jpg,1530
0842.jpg,1457
0843.jpg,1541
0844.jpg,1541
0845.jpg,1560
0846.jpg,1531
0847.jpg,1297
0848.jpg,1557
0849.jpg,1567
0850.jpg,1487
0851.jpg,1473
0852.jpg,1420
0853.jpg,1621
0854.jpg,1560
0855.jpg,1535
0856.jpg,1297
0857.jpg,1317
0858.jpg,1572
0859.jpg,1563
0860.jpg,1369
0861.jpg,1468
0862.jpg,1530
0863.jpg,1560
0864.jpg,1560
0865.jpg,1531
0866.jpg,1489
0867.jpg,1457
0868.jpg,1549
0869.jpg,1501
0870.jpg,1470
0871.jpg,1511
0872.jpg,1681
0873.jpg,1549
0874.jpg,1514
0875.jpg,1468
0876.jpg,1557
0877.jpg,1500
0878.jpg,1492
0879.jpg,1531
0880.jpg,1470
0881.jpg,1449
0882.jpg,1339
0883.jpg,1517
0884.jpg,1621
0885.jpg,1552
0886.jpg,1541
0887.jpg,1557
0888.jpg,1546
0889.jpg,1473
0890.jpg,1554
0891.jpg,1470
0892.jpg,1460
0893.jpg,1457
0894.jpg,1566
0895.jpg,1555
0896.jpg,1400
0897.jpg,1531
0898.jpg,1374
0899.jpg,1374
0900.jpg,1369
0901.jpg,1567
0902.jpg,1485
0903.jpg,1455
0904.jpg,1487
0905.jpg,1542
0906.jpg,1449
0907.jpg,1339
0908.jpg,1572
0909.jpg,1531
0910.jpg,1240
0911.jpg,1569
0912.jpg,1661
0913.jpg,1436
0914.jpg,1456
0915.jpg,1454
0916.jpg,1523
0917.jpg,1339
0918.jpg,1337
0919.jpg,1487
0920.jpg,1535
0921.jpg,1575
0922.jpg,1497
0923.jpg,1622
0924.jpg,1642
0925.jpg,1337
0926.jpg,1558
0927.jpg,1621
0928.jpg,1382
0929.jpg,1443
0930.jpg,1576
0931.jpg,1532
0932.jpg,1497
0933.jpg,1468
0934.jpg,1523
0935.jpg,1240
0936.jpg,1565
0937.jpg,1240
0938.jpg,1681
0939.jpg,1568
0940.jpg,1489
0941.jpg,1531
0942.jpg,1661
0943.jpg,1535
0944.jpg,1623
0945.jpg,1462
0946.jpg,1420
0947.jpg,1418
0948.jpg,1451
0949.jpg,1423
0950.jpg,1457
0951.jpg,1561
0952.jpg,1523
0953.jpg,1565
0954.jpg,1553
0955.jpg,1572
0956.jpg,1542
0957.jpg,1572
0958.jpg,1621
0959.jpg,1553
0960.jpg,1489
0961.jpg,1422
0962.jpg,1439
0963.jpg,1560
0964.jpg,1541
0965.jpg,1443
0966.jpg,1554
0967.jpg,1517
0968.jpg,1414
0969.jpg,1547
0970.jpg,1374
0971.jpg,1399
0972.jpg,1531
0973.jpg,1546
0974.jpg,1436
0975.jpg,1418
0976.jpg,1549
0977.jpg,1573
0978.jpg,1451
0979.jpg,1511
0980.jpg,1382
0981.jpg,1531
0982.jpg,1566
0983.jpg,1494
0984.jpg,1563
0985.jpg,1511
0986.jpg,1473
0987.jpg,1473
0988.jpg,1455
0989.jpg,1576
0990.jpg,1317
0991.jpg,1568
0992.jpg,1569
0993.jpg,1681
0994.jpg,1492
0995.jpg,1564
0996.jpg,1457
0997.jpg,1681
0998.jpg,1387
0999.jpg,1576
1000.jpg,1485
1001.jpg,1623
1002.jpg,1530
1003.jpg,1549
1004.jpg,1240
1005.jpg,1436
1006.jpg,1420
1007.jpg,1424
1008.jpg,1516
1009.jpg,1541
1010.jpg,1399
1011.jpg,1443
1012.jpg,1565
1013.jpg,1559
1014.jpg,1436
1015.jpg,1418
1016.jpg,1453
1017.jpg,1317
1018.jpg,1548
1019.jpg,1453
1020.jpg,1560
1021.jpg,1487
1022.jpg,1575
1023.jpg,1541
1024.jpg,1531
1025.jpg,1470
1026.jpg,1532
1027.jpg,1500
1028.jpg,1561
1029.jpg,1451
1030.jpg,1487
1031.jpg,1451
1032.jpg,1523
1033.jpg,1424
1034.jpg,1541
1035.jpg,1449
1036.jpg,1554
1037.jpg,1449
1038.jpg,1468
1039.jpg,1621
1040.jpg,1575
1041.jpg,1470
1042.jpg,1374
1043.jpg,1533
1044.jpg,1623
1045.jpg,1511
1046.jpg,1422
1047.jpg,1661
1048.jpg,1554
1049.jpg,1423
1050.jpg,1502
1051.jpg,1559
1052.jpg,1558
1053.jpg,1572
1054.jpg,1565
1055.jpg,1418
1056.jpg,1569
1057.jpg,1489
1058.jpg,1531
1059.jpg,1472
1060.jpg,1414
1061.jpg,1564
1062.jpg,1500
1063.jpg,1468
1064.jpg,1552
1065.jpg,1468
1066.jpg,1495
1067.jpg,1369
1068.jpg,1456
1069.jpg,1565
1070.jpg,1560
1071.jpg,1455
1072.jpg,1451
1073.jpg,1487
1074.jpg,1414
1075.jpg,1457
1076.jpg,1451
1077.jpg,1317
1078.jpg,1542
1079.jpg,1570
1080.jpg,1487
1081.jpg,1549
1082.jpg,1240
1083.jpg,1439
1084.jpg,1565
1085.jpg,1531
1086.jpg,1420
1087.jpg,1549
1088.jpg,1572
1089.jpg,1519
1090.jpg,1535
1091.jpg,1418
1092.jpg,1541
1093.jpg,1623
1094.jpg,1642
1095.jpg,1623
1096.jpg,1565
1097.jpg,1681
1098.jpg,1374
1099.jpg,1575
1100.jpg,1621
1101.jpg,1483
1102.jpg,1424
1103.jpg,1576
1104.jpg,1576
1105.jpg,1561
1106.jpg,1451
1107.jpg,1500
1108.jpg,1418
1109.jpg,1387
1110.jpg,1575
1111.jpg,1535
1112.jpg,1453
1113.jpg,1576
1114.jpg,1453
1115.jpg,1502
1116.jpg,1473
1117.jpg,1661
1118.jpg,1517
1119.jpg,1575
1120.jpg,1532
1121.jpg,1462
1122.jpg,1451
1123.jpg,1531
1124.jpg,1439
1125.jpg,1623
1126.jpg,1541
1127.jpg,1422
1128.jpg,1561
1129.jpg,1483
1130.jpg,1575
1131.jpg,1436
1132.jpg,1565
1133.jpg,1502
1134.jpg,1443
1135.jpg,1511
1136.jpg,1443
1137.jpg,1487
1138.jpg,1501
1139.jpg,1566
1140.jpg,1454
1141.jpg,1467
1142.jpg,1511
1143.jpg,1489
1144.jpg,1575
1145.jpg,1569
1146.jpg,1487
1147.jpg,1511
1148.jpg,1487
1149.jpg,1557
1150.jpg,1572
1151.jpg,1465
1152.jpg,1422
1153.jpg,1570
1154.jpg,1339
1155.jpg,1560
1156.jpg,1572
1157.jpg,1549
1158.jpg,1423
1159.jpg,1339
1160.jpg,1549
1161.jpg,1449
1162.jpg,1502
1163.jpg,1563
1164.jpg,1489
1165.jpg,1422
1166.jpg,1387
1167.jpg,1642
1168.jpg,1339
1169.jpg,1560
1170.jpg,1661
1171.jpg,1523
1172.jpg,1470
1173.jpg,1500
1174.jpg,1492
1175.jpg,1572
1176.jpg,1572
1177.jpg,1418
1178.jpg,1398
1179.jpg,1500
1180.jpg,1423
1181.jpg,1523
1182.jpg,1554
1183.jpg,1642
